attribute,mean_cv,stddev_cv,kurtosis_cv,mean_si,stddev_si,kurtosis_si,stability_index
age,0.01101352,0.010797498,0.025836576,4,4,4,4
fnlwgt,0.011200209,0.010680742,0.316974019,4,4,1,3.4
logfnl,0.001265517,0.014540442,0.018047859,4,4,4,4
education_num,0.0026389,0.037486024,0.051239145,4,3,3,3.5
capital_gain,0.178645204,0.192792311,0.434565089,2,2,1,1.8
capital_loss,0.09641506,0.042410901,0.1285661,3,3,2,2.8
hours_per_week,0.007619481,0.018757296,0.046806282,4,4,3,3.8
income_label,0.03345087,0.011340521,0.050727158,3,4,3,3.3