Cluster,feature,RS_Ratio
0,education-num,0.5138574020562503
0,capital-gain,0.6618137594392982
0,hours-per-week,0.5972290566433679
1,age,0.47563815950518135
1,capital-loss,0.47304171758166014
2,fnlwgt,0.4814637184444586
2,logfnl,0.47992464737218377
