feature,ig
marital_status,0.15045855627804083
hours-per-week,0.05145855627804086
education_num,0.0843585562780409
relationship,0.1650585562780409
occupation,0.07585855627804083
education,0.0922585562780408
workclass,0.01815855627804086
fnlwgt,0.0010585562780408564
age,0.0942585562780408
age2,0.0942585562780408
race,0.007758556278040896
sex,0.03715855627804088
